age,internalist_mean,structural_mean,internalist_se,structural_se
4-5,2.3333,2.95,0.24234,0.19835
5-6,2.5417,3.1667,0.21685,0.16667
adult,2.1176,3.3939,0.13193,0.08638
